id,true_positive,false_positive,false_negative,true_negative,sensitivity,specificity,prevalence,ppv,npv,fpr,fnr,fdr,FOR,accuracy,F1,MCC,informedness,markedness
466880,8,17,15,25096,0.35,1.0,0.00091502,0.32,0.9994,0.0007,0.6522,0.68,0.0006,0.9987,0.3333,0.333,0.35,0.3194
466910,3,7,23,25103,0.12,1.0,0.00103437,0.3,0.9991,0.0003,0.8846,0.7,0.0009,0.9988,0.1667,0.1855,0.12,0.2991
466920,7,21,15,25093,0.32,1.0,0.00087524,0.25,0.9994,0.0008,0.6818,0.75,0.0006,0.9986,0.28,0.2813,0.32,0.2494
466930,9,4,25,25098,0.26,1.0,0.00135264,0.6923,0.999,0.0002,0.7353,0.3077,0.001,0.9988,0.383,0.4276,0.26,0.6913
466940,3,5,16,25112,0.16,1.0,0.00075589,0.375,0.9994,0.0002,0.8421,0.625,0.0006,0.9992,0.2222,0.243,0.16,0.3744
