id,true_positive,false_positive,false_negative,true_negative,sensitivity,specificity,prevalence,ppv,npv,fpr,fnr,fdr,FOR,accuracy,F1,MCC,informedness,markedness
466880,16,107,11,30187,0.59,1.0,0.00089047,0.1301,0.9996,0.0035,0.4074,0.8699,0.0004,0.9961,0.2133,0.2764,0.59,0.1297
466910,29,257,11,29766,0.72,0.99,0.00133054,0.1014,0.9996,0.0086,0.275,0.8986,0.0004,0.9911,0.1779,0.269,0.71,0.101
466920,13,74,18,30063,0.42,1.0,0.00102758,0.1494,0.9994,0.0025,0.5806,0.8506,0.0006,0.997,0.2203,0.2491,0.42,0.1488
466930,34,207,8,30806,0.81,0.99,0.00135244,0.1411,0.9997,0.0067,0.1905,0.8589,0.0003,0.9931,0.2403,0.3362,0.8,0.1408
466940,9,100,16,30440,0.36,1.0,0.00081793,0.0826,0.9995,0.0033,0.64,0.9174,0.0005,0.9962,0.1343,0.1711,0.36,0.0821
